Date,Title,Img_url,Likes
"October 20, 2023","Maximize Your Hotel’s Exposure with Google AdSense’s New ""Related Search"" Feature in Auto Ads",https://rategaincom.wpenginepowered.com/wp-content/uploads/2023/10/Google-AdSenses-New-Related-Search-Feature-in-Auto-Ads.png,12
"October 12, 2023",Beyond Reach & Frequency: Hotels' New Era with Facebook's 'Reservation' Buying Type,https://rategaincom.wpenginepowered.com/wp-content/uploads/2023/10/Transforming-with-Facebooks-Reservation-BUYING-Strategy.png,5
"October 5, 2023",Managing Overbookings and Cancellations with Hotel Booking Engines,https://rategaincom.wpenginepowered.com/wp-content/uploads/2023/10/Overbookings-Cancellations-Not-a-Problem-with-Modern-Hotel-Booking-Engines.png,3
"October 1, 2023",Global Distribution System (GDS) vs. Channel Manager: Which is Right for Your Hotel,https://rategaincom.wpenginepowered.com/wp-content/uploads/2023/10/Hotel-Distribution-Done-Right-Choosing-between-GDS-and-Channel-Manager.png,4
"September 28, 2023",Why Bing Hotel Ads Should Be in Your Marketing Mix,https://rategaincom.wpenginepowered.com/wp-content/uploads/2023/09/Bing-Hotel-Ads-Your-Hotels-Secret-Revenue-Booster.png,3
"September 25, 2023",Unlocking Top Travel Destinations in Egypt: A Hotelier's Playbook,https://rategaincom.wpenginepowered.com/wp-content/uploads/2023/09/Unlocking-Top-Travel-Destinations-in-Egypt-A-Hoteliers-Playbook.jpg,2
"September 22, 2023",Shaping Success in Egypt's Dynamic Hospitality Landscape: A Roadmap for Hoteliers,https://rategaincom.wpenginepowered.com/wp-content/uploads/2023/09/Shaping-Success-in-Egypts-Dynamic-Hospitality-Landscape.jpg,1
"September 15, 2023",Checking In to a Greener Future: Renewable Energy in Hotels,https://rategaincom.wpenginepowered.com/wp-content/uploads/2023/09/Powering-Hospitality-How-Renewable-Energy-Is-Reshaping-Hotels.png,0
"September 14, 2023",Sustaining Communities: The Role of Travel Sellers in Sustainable Tourism,https://rategaincom.wpenginepowered.com/wp-content/uploads/2023/09/How-Travel-Sellers-Support-Local-Economies.png,0
"September 11, 2023",Flowing Towards Sustainability: Water Conservation in Hotels,https://rategaincom.wpenginepowered.com/wp-content/uploads/2023/09/Drip-by-Drip-How-Hotels-Are-Leading-the-Way-in-Water-Conservation.png,1
"September 10, 2023",Eco-Friendly Practices in Vacation Rentals: A Win-Win for Guests and the Environment,https://rategaincom.wpenginepowered.com/wp-content/uploads/2023/09/Eco-friendly-practices-in-Vacation-Rentals.png,0
"September 9, 2023",Zero-Waste Travel: A Sustainable Path to Explore the World,https://rategaincom.wpenginepowered.com/wp-content/uploads/2023/09/Trash-to-Treasures-Zero-Waste-Travelers-Handbook.png,0
"September 8, 2023",Building a Greener Future: Sustainable Supply Chain Management in Hotels,https://rategaincom.wpenginepowered.com/wp-content/uploads/2023/09/Hotel-Sustainable-Supply-Chain-Strategies.png,0
"September 7, 2023",Airline Sustainability Initiatives: How Airlines are Going Green,https://rategaincom.wpenginepowered.com/wp-content/uploads/2023/09/Airlines-Sustainable-Innovations.png,0
"September 6, 2023",Exploring Eco-Tourism: Where Nature Meets Responsible Travel,https://rategaincom.wpenginepowered.com/wp-content/uploads/2023/09/Embrace-Eco-Tourism-Your-Passport-to-Sustainable-Wanderlust.png,0
"September 6, 2023",Measuring and Reporting Sustainability Impact: Metrics for Hotels and Travel Sellers,https://rategaincom.wpenginepowered.com/wp-content/uploads/2023/09/Measuring-and-Reporting-Sustainability-Impact.png,0
"September 5, 2023",Reducing Carbon Footprint: Sustainable Practices for Tour Operators,https://rategaincom.wpenginepowered.com/wp-content/uploads/2023/09/Sustainable-Practices-for-Tour-Operators.png,1
"September 4, 2023",Preserving Paradise: Biodiversity Conservation in Travel,https://rategaincom.wpenginepowered.com/wp-content/uploads/2023/09/Wings-and-Wonders-Biodiversity-Conservation-in-Tourism.png,0
"September 3, 2023","How Green is your Hotel? Do Good and Show it to the World – on Google, for Example",https://rategaincom.wpenginepowered.com/wp-content/uploads/2023/09/Green-Hotel-Badge-for-Sustainable-Accommodations.png,1
"September 1, 2023",The Digital Evolution of UK Hospitality: A Historic Journey From Keys to Clicks,https://rategaincom.wpenginepowered.com/wp-content/uploads/2023/09/Evolution-of-UK-Hospitality.png,1
"September 1, 2023",Driving Green: The Future of Sustainable Car Rentals,https://rategaincom.wpenginepowered.com/wp-content/uploads/2023/10/Driving-Green-The-Future-of-Sustainable-Car-Rentals.png,0
"September 1, 2023",Taste the Future: Sustainable Food Practices in Hotels and Restaurants,https://rategaincom.wpenginepowered.com/wp-content/uploads/2023/09/Taste-the-Future-Sustainable-Food-Practices-in-Hospitality.png,0
"September 1, 2023",The Heart of Travel: DMOs and Their Impact on Local Economies,https://rategaincom.wpenginepowered.com/wp-content/uploads/2023/10/The-DMO-Effect-Enhancing-Tourisms-Role-in-Local-Economies.png,0
"August 21, 2023",Social Media Meets Google Business Profile: Here's Why You Should Care,https://rategaincom.wpenginepowered.com/wp-content/uploads/2023/08/Your-Hotels-Social-Media-Just-Got-Google-fied-Google-Business-Profile.webp,1
"August 18, 2023",Connect the Dots: Decoding Common Hotel System Connectivity Challenges,https://rategaincom.wpenginepowered.com/wp-content/uploads/2023/08/The-Hidden-Costs-of-Poor-Hotel-System-Connectivity.png,1
"August 17, 2023",GA4's New User Data Export to BigQuery: Your Key to Hyper-Personalized Hotel Marketing,https://rategaincom.wpenginepowered.com/wp-content/uploads/2023/08/Google-Analytics-4-Rolls-Out-New-User-Data-Export-To-BigQuery.webp,1
"August 16, 2023",How AI and Machine Learning are Shaping Hotel Search Engines,https://rategaincom.wpenginepowered.com/wp-content/uploads/2023/08/Role-of-AI-Ml-in-Hotel-Search-Engines.webp,1
"August 16, 2023",Unpacking Global DE&I Pillars: A Strategy for Inclusivity,https://rategaincom.wpenginepowered.com/wp-content/uploads/2023/08/DE-I-RG.webp,1
"August 15, 2023","The Evolution of Hotel Search Engines: Past, Present, and Future",https://rategaincom.wpenginepowered.com/wp-content/uploads/2023/08/evolution-of-hotel-search-engines.webp,1
"August 14, 2023",From Green Revolution to Space Exploration: 75 Innovations Propelling India Beyond 75,https://rategaincom.wpenginepowered.com/wp-content/uploads/2023/08/India-beyond-75.webp,1
"August 10, 2023",Going Green: How Hotel Search Engines are Championing the Cause of Sustainable Travel,https://rategaincom.wpenginepowered.com/wp-content/uploads/2023/08/How-Hotel-Search-Engines-are-Supporting-Sustainable-Travel.webp,1
"August 9, 2023",Get Noticed: The Smart Hotelier's Guide to Google's Filtered Search Carousel,https://rategaincom.wpenginepowered.com/wp-content/uploads/2023/08/Google_s-New-Hotel-Search-Carousel.webp,1
"August 9, 2023",Understanding the Mechanics of Hotel Search Engines,https://rategaincom.wpenginepowered.com/wp-content/uploads/2023/08/Understanding-the-Mechanics-of-Hotel-Search-Engines.webp,1
"August 8, 2023",Hospitality in the Digital Age: Software Breakthroughs and What's Next,https://rategaincom.wpenginepowered.com/wp-content/uploads/2023/08/Hospitality-in-the-Digital-Age-Softwares-for-Hotel-Success.webp,1
"August 4, 2023",Gaining a Competitive Edge at Every Stage of the Traveler Journey,https://rategaincom.wpenginepowered.com/wp-content/uploads/2023/08/The-Heart-of-Hospitality-A-Guide-to-Outshine-Competitors-at-Every-Traveler-Touchpoint.webp,1
"August 4, 2023",Elevate Your Hotel's Performance with Revenue Management Analytics,https://rategaincom.wpenginepowered.com/wp-content/uploads/2023/08/Fine-Tuning-Your-Hotels-Strategy-The-Art-of-Revenue-Management-Analytics.webp,1
"August 4, 2023",How Hotels Can Stay Ahead in the Dynamic Hospitality Industry,https://rategaincom.wpenginepowered.com/wp-content/uploads/2023/08/How-Hotels-Can-Stay-Ahead-in-Dynamic-Hospitality-Industry.webp,1
"August 1, 2023",What is Hospitality Management? Why is it Important?,https://rategaincom.wpenginepowered.com/wp-content/uploads/2023/08/Hospitality-Management-Unraveled-Journey-of-Experiences.png,0
"August 1, 2023",Has 'The Swiftie Fever' Opened New Travel Avenues In the U.S.,https://rategaincom.wpenginepowered.com/wp-content/uploads/2023/08/Has-_The-Swiftie-Fever_-Opened-New-Travel-Avenues-In-the-U.S.webp,0
"July 21, 2023",How to Make Technology Partnerships Successful for Hotels,https://rategaincom.wpenginepowered.com/wp-content/uploads/2023/07/Strategies-to-Succeed-with-Technological-Partnerships-in-Hospitality.webp,0
"July 20, 2023",AI and Machine Learning – Who Will Lead the Change and What Will it Look Like?,https://rategaincom.wpenginepowered.com/wp-content/uploads/2023/07/AI-Machine-Learning-Who-Will-Lead-the-Change.webp,0
"July 18, 2023",Large Hotel Chains Can Move Fast Too: 10 Ideas To Implement Today,https://rategaincom.wpenginepowered.com/wp-content/uploads/2023/07/Strategies-for-Big-Hotel-Chains-to-Stay-Ahead.webp,0
"July 18, 2023",The Basics of Distribution for Hotel Chains,https://rategaincom.wpenginepowered.com/wp-content/uploads/2023/07/Mastering-the-Distribution-Game-for-Big-Hotel-Chains.png,0
"July 18, 2023",Supercharging Hotel Bookings: The Game-Changing Benefits of Metasearch Marketing,https://rategaincom.wpenginepowered.com/wp-content/uploads/2023/07/The-Game-Changing-Benefits-of-Metasearch-Marketing.webp,0
"July 17, 2023",The Tech-Stack Needed by OTAs to Scale Your BI Capabilities,https://rategaincom.wpenginepowered.com/wp-content/uploads/2023/07/Techology-Stack-Needed-by-OTAs.webp,0
"July 17, 2023",The Future of Rate Parity in the Hospitality Industry,https://rategaincom.wpenginepowered.com/wp-content/uploads/2023/07/The-Future-of-rate-parity-in-hospitality.webp,0
"July 12, 2023",How Hotel Pricing is Going to Change in the Age of AI,https://rategaincom.wpenginepowered.com/wp-content/uploads/2023/07/HOW-PRICING-WILL-CHANGE-IN-the-AGE-OF-AI.webp,0
"July 10, 2023",Leveraging Instagram Threads for the Travel and Hospitality Industry,https://rategaincom.wpenginepowered.com/wp-content/uploads/2023/07/Leveraging-Instagram-Threads-for-the-Travel-and-Hospitality-Industry.webp,0
"July 7, 2023",Calling All Hoteliers: Unleash the Power of GA4 for Optimal Performance,https://rategaincom.wpenginepowered.com/wp-content/uploads/2023/07/GA4.webp,1
"July 3, 2023",Green Gold: Sustainable Hotels Shaping Profitable and Responsible Hospitality,https://rategaincom.wpenginepowered.com/wp-content/uploads/2023/07/Sustainable-Hotels.webp,1
"June 28, 2023",Managing Hotel Cancellations: Strategies to Optimize Revenue and Guest Satisfaction,https://rategaincom.wpenginepowered.com/wp-content/uploads/2023/07/Managing-Cancellations-to-Optimize-Revenue-_-Guest-Satisfaction.webp,0
"June 27, 2023",Big Data: The Game Changer in Hospitality Industry,https://rategaincom.wpenginepowered.com/wp-content/uploads/2023/06/Hotel-Big-Data-Analytics.webp,0
"June 26, 2023",Unveiling the Hotel Challenges: Navigating Obstacles in the Dynamic Hospitality Landscape,https://rategaincom.wpenginepowered.com/wp-content/uploads/2023/06/Unveiling-the-Hotel-Challenges-Navigating-Obstacles-in-Dynamic-Hospitality-Landscape.webp,0
"June 23, 2023",Distribution Challenges for Hotels in Latin America,https://rategaincom.wpenginepowered.com/wp-content/uploads/2023/06/Distribution-Challenges-for-Hotels-in-Latin-America.webp,0
"June 22, 2023",Navigating Hotel Distribution Challenges with Technology and Strategy,https://rategaincom.wpenginepowered.com/wp-content/uploads/2023/06/Cracking-Distribution-Code-Navigating-Challenges-with-Technology-and-Strategy.webp,1
"June 20, 2023",What Does Digital Foundation in Hospitality Look Like,https://rategaincom.wpenginepowered.com/wp-content/uploads/2023/06/Digital-foundation-in-hotel-industry.webp,0
"June 13, 2023",Effective Hotel Pricing Strategies To Maximize Revenue During Low Demand Periods,https://rategaincom.wpenginepowered.com/wp-content/uploads/2023/06/Effective-Hotel-Pricing-Strategies-During-Low-Demand-Periods.webp,0
"June 12, 2023",The Power of Allyship: Building Bridges of Support and Inclusion,https://rategaincom.wpenginepowered.com/wp-content/uploads/2023/06/allyship.webp,0
"June 11, 2023",Mastering Success: Hotel Revenue Management Strategies for Optimal Growth,https://rategaincom.wpenginepowered.com/wp-content/uploads/2023/06/Unlocking-Success-Strategies-for-Hotel-Revenue-Management-Hotel.webp,1
"June 10, 2023",Solving the Challenge of Overbooking in Hotels: Strategies for Seamless Guest Experience,https://rategaincom.wpenginepowered.com/wp-content/uploads/2023/06/Solving-the-Challenge-of-Overbooking-in-Hotels.webp,0
"June 9, 2023",Navigating the Highs and Lows: Managing Hotel Demand During Special Events,https://rategaincom.wpenginepowered.com/wp-content/uploads/2023/06/Revenue-Management-Managing-Hotel-Demand-During-Special-Events.webp,0
"June 9, 2023",The Impact of Weather on Hotel Demand: Leveraging Insights for Success,https://rategaincom.wpenginepowered.com/wp-content/uploads/2023/06/Revenue-Management-The-Impact-of-Weather-on-Hotel-Demand.webp,0
"June 8, 2023",Inside Google Marketing Live 2023: AI-Powered Innovations & What They Mean for the Hotel Industry,https://rategaincom.wpenginepowered.com/wp-content/uploads/2023/06/AI-Powered-Innovations-for-the-Hotel-Industry.jpg,0
"June 8, 2023",Hotel Loyalty Programs: Building Customer Loyalty and Maximizing Rewards,https://rategaincom.wpenginepowered.com/wp-content/uploads/2023/06/Unlock-the-Secrets-of-Hotel-Loyalty-Programs.webp,0
"June 8, 2023",The Impact of Seasonality on Hotel Revenue: Understanding the Highs and Lows,https://rategaincom.wpenginepowered.com/wp-content/uploads/2023/06/Revenue-Management-Impact-of-Seasonality-on-Revenue.webp,0
"June 7, 2023",Walking the Tight Rope: High Hotel ADR and Low Distribution Cost,https://rategaincom.wpenginepowered.com/wp-content/uploads/2016/12/Industry-Statistics-ADR.webp,0
"June 7, 2023",The Role of Central Reservation Systems in Efficient Hotel Inventory Distribution,https://rategaincom.wpenginepowered.com/wp-content/uploads/2023/06/Inventory-Management-The-Role-of-CRS-in-Efficient-Hotel-Inventory-Distribution.webp,0
"June 5, 2023",The History of Pride Month: Celebrating Love and Equality,https://rategaincom.wpenginepowered.com/wp-content/uploads/2023/06/pride-month-history.webp,0
"June 5, 2023",A Comprehensive Guide to Cloud Computing for Hotels: Transforming the Hospitality Industry,https://rategaincom.wpenginepowered.com/wp-content/uploads/2023/06/Hotel-Technology-4-A-Comprehensive-Guide-to-Cloud-Computing-for-Hotels.webp,0
"June 1, 2023",Unlock the Power of a Hotel Central Reservation System,https://rategaincom.wpenginepowered.com/wp-content/uploads/2023/06/Distribution-Understanding-Hotel-Central-Reservation-System-Streamlining-Operations-a.webp,0
"May 26, 2023",Data and Analytics Can Help You Distribute Your Hotel Inventory Effectively & Run Hotel Profitably,https://rategaincom.wpenginepowered.com/wp-content/uploads/2017/09/Hotel-Technology-3-Leveraging-Data-and-Analytics-to-Distribute-Your-Hotel-Inventory-Effectively.webp,0
"May 26, 2023",Data-Driven Excellence: Maximizing Performance with Hotel Data Analytics,https://rategaincom.wpenginepowered.com/wp-content/uploads/2023/05/Hotel-Technology-2-Data-Driven-Excellence-Maximizing-Performance-with-Hotel-Data-Analytics.webp,0
"May 25, 2023",Driving Higher Hotel Occupancy Rates: Implementing Effective Strategies,https://rategaincom.wpenginepowered.com/wp-content/uploads/2023/05/Driving-Higher-Hotel-Occupancy-Rates.webp,0
"May 24, 2023",The Complete Guide to Hotel Digital Marketing: Boost Your Online Presence and Drive Bookings,https://rategaincom.wpenginepowered.com/wp-content/uploads/2023/01/Hotel-Digital-Marketing-Boost-Your-Online-Presence-_-Drive-Bookings.webp,0
"May 23, 2023",What is a Global Distribution System (GDS)? How does it Benefit Your Hotel?,https://rategaincom.wpenginepowered.com/wp-content/uploads/2022/12/Distribution-What-is-a-Global-Distribution-System-GDS-How-does-it-Benefit-Your-Hotel.webp,1
"May 23, 2023",Unleashing the Power of Hotel Technology: The Game Changer in Tech-Savvy Hospitality,https://rategaincom.wpenginepowered.com/wp-content/uploads/2023/05/Hotel-Technology-1-The-Power-of-Hotel-Technology.webp,1
"May 23, 2023",Unlocking Profitability: An Introduction to Hotel Revenue Management,https://rategaincom.wpenginepowered.com/wp-content/uploads/2023/05/Revenue-Management-Unlocking-Profitability-with-Hotel-Revenue-Management.webp,0
"May 22, 2023",Why Should All Destinations Have a Destination Marketing Organization (DMO)?,https://rategaincom.wpenginepowered.com/wp-content/uploads/2023/05/Destination-Marketing-2-Why-Should-all-Destinations-have-a-DMO.webp,0
"May 22, 2023","Destination Marketing Organization: Its Roles, Importance, and Benefits in the Hospitality Industry",https://rategaincom.wpenginepowered.com/wp-content/uploads/2023/05/Destination-Marketing-1-What-are-DMOs.webp,0
"May 22, 2023","Difference Between a Hotel PMS, Channel Manager, OTAs, and Booking Engine",https://rategaincom.wpenginepowered.com/wp-content/uploads/2023/04/Distribution-Difference-between-Hotel-PMS-Channel-Manager-OTAs-and-Booking-Engine.webp,3
"May 21, 2023",The Complete Guide to Distribution Channels in the Hotel Industry,https://rategaincom.wpenginepowered.com/wp-content/uploads/2023/03/Hotel-Distribution-Channels-A-Complete-Guide.webp,0
"May 21, 2023",Unlocking New Revenue Streams: A Guide to Effective Channel Management for Hospitality Businesses,https://rategaincom.wpenginepowered.com/wp-content/uploads/2023/03/Effective-Channel-Management-for-Hospitality-Businesses.webp,0
"May 21, 2023",Unveiling the Magic of Metasearch Engines: A Game Changer for Online Businesses,https://rategaincom.wpenginepowered.com/wp-content/uploads/2023/05/Metasearch-Engines-A-Game-Changer-for-Online-Businesses.webp,0
"May 20, 2023",Where does Content Fit in the Evolution of Hotel Distribution?,https://rategaincom.wpenginepowered.com/wp-content/uploads/2023/05/Adapting-Hotel-Distribution-Mastering-Content-Management-for-Success.webp,0
"May 19, 2023",Boost Your Hotel's Online Presence with a Hotel Content Management System,https://rategaincom.wpenginepowered.com/wp-content/uploads/2023/05/Boost-your-Online-Presence-with-a-Hotel-Content-Management-System.webp,0
"May 18, 2023",Streamline Your Hotel Pricing Strategy with Advanced Rate Shopping Software,https://rategaincom.wpenginepowered.com/wp-content/uploads/2023/05/Streamlining-Hotel-Pricing-Strategy-with-Advanced-Rate-Shopping-Software.webp,0
"May 18, 2023",Dynamic Pricing Strategy in Hotels for Hospitality Industry,https://rategaincom.wpenginepowered.com/wp-content/uploads/2016/10/Dynamic-Pricing-Strategy-for-the-Hospitality-Industry.webp,5
"May 18, 2023",Hotel Pricing Strategy: Maximizing Revenue Through Effective Pricing Techniques,https://rategaincom.wpenginepowered.com/wp-content/uploads/2023/05/Pricing-Strategy-1-Hotel-Pricing-Strategy-for-Revenue-Maximization.webp,0
"May 18, 2023",How To Use Google Hotel Ads: A Complete Guide,https://rategaincom.wpenginepowered.com/wp-content/uploads/2023/05/Google-Hotel-Ads-_1-How-to-use-Google-Hotel-Ads-A-Complete-Guide.webp,0
"May 16, 2023",Boost Your Hotel Revenue with Efficient Hotel Inventory Management,https://rategaincom.wpenginepowered.com/wp-content/uploads/2023/05/Inventory-Management-4-Boost-your-Hotel-Revenue-with-Efficient-Hotel-Inventory-Management.webp,0
"May 16, 2023",Cracking the Code: How to Benefit from Hotel Wholesalers,https://rategaincom.wpenginepowered.com/wp-content/uploads/2023/05/Inventory-Management-3-How-can-you-Benefit-from-Hotel-Wholesalers.webp,0
"May 15, 2023",8 Easy Tips for Hotel Revenue Managers to Cope With Rate Parity Issues,https://rategaincom.wpenginepowered.com/wp-content/uploads/2023/05/Rate-Parity-_2-Important-Tips-to-cope-up-with-Rate-Parity-Issues.webp,1
"May 15, 2023",What is Hotel Rate Parity? Why is it Important in the Hotel Industry?,https://rategaincom.wpenginepowered.com/wp-content/uploads/2023/05/Rate-Parity-_1-What-is-Hotel-Rate-Parity-Why-is-it-Important.webp,0
"May 14, 2023",18 Factors to Consider before Investing in Channel Manager for Your Hotel,https://rategaincom.wpenginepowered.com/wp-content/uploads/2016/03/Channel-Management-2-Critical-Factors-to-Consider-before-you-Invest-in-a-Hotel-Channel-Manager.webp,0
"May 14, 2023",Crucial Hotel Sales Strategies to Boost Occupancy and Revenue,https://rategaincom.wpenginepowered.com/wp-content/uploads/2023/05/Hotel-Sales-Strategy-Crucial-Hotel-Sales-Strategies-to-Boost-Occupancy-and-Revenue.webp,0
"May 14, 2023",What is a Hotel Channel Manager? How Do You Choose the Perfect One?,https://rategaincom.wpenginepowered.com/wp-content/uploads/2023/05/Channel-Management-1-What-is-a-channel-manager.webp,0
"May 13, 2023",How Can Content Solve The Expectation Gap for Hotels?,https://rategaincom.wpenginepowered.com/wp-content/uploads/2023/05/Content-Management-5-How-Can-Content-Solve-The-Expectation-Gap-for-Hotels.webp,0
"May 11, 2023",Changing Markets Post-Pandemic: Guest Behaviors Changing Booking Inspiration,https://rategaincom.wpenginepowered.com/wp-content/uploads/2023/05/Changing-Markets-Post-Pandemic-Guest-Behaviors-Changing-Booking-Inspiration.png,0
"May 6, 2023",What is Hotel Occupancy Rate? How to Calculate it?,https://rategaincom.wpenginepowered.com/wp-content/uploads/2023/05/Occupancy-Rate-and-calculation.webp,2
"May 5, 2023",Is RevPAR the Best Metric to Measure Profitability?,https://rategaincom.wpenginepowered.com/wp-content/uploads/2023/05/Is-RevPAR-the-Best-Metric-to-Measure-Profitability-scaled.webp,0
"May 5, 2023",Why Should Hotels Update Content On OTAs Frequently?,https://rategaincom.wpenginepowered.com/wp-content/uploads/2023/05/Content-Management-4-Why-Should-Hotels-Update-Content-on-OTAs-Frequently.webp,2
"May 4, 2023",Why Metasearch is critical for your Direct Bookings Strategy,https://rategaincom.wpenginepowered.com/wp-content/uploads/2023/05/Why-Metasearch-is-critical-for-your-hotels-Direct-Bookings-Strategy-scaled.webp,0
"May 3, 2023",Why Content on OTAs is Critical for Improving Conversion Rates,https://rategaincom.wpenginepowered.com/wp-content/uploads/2023/05/Content-Management-3-Why-Content-on-OTAs-is-Critical-for-Improving-Conversion-Rates-scaled.webp,0
"May 3, 2023",How do Hotels Distribute Inventory to Drive Bookings,https://rategaincom.wpenginepowered.com/wp-content/uploads/2023/05/How-do-Hotels-Distribute-Inventory-to-Drive-Bookings-scaled.webp,0
"May 1, 2023",What is RevPAR ? Why does it Matter?,https://rategaincom.wpenginepowered.com/wp-content/uploads/2023/05/What-is-RevPAR-scaled.webp,0
"April 30, 2023",A Complete Guide to Hotel Marketing Strategy for 2023,https://rategaincom.wpenginepowered.com/wp-content/uploads/2023/01/A-Complete-Guide-to-Hotel-Marketing-Strategy-_1_.webp,0
"April 27, 2023",Latin America’s Hospitality Industry is Ready to Take the AI Leap into the Future,https://rategaincom.wpenginepowered.com/wp-content/uploads/2023/04/Latin-Americas-Hospitality-Industry-is-Ready-to-Take-the-AI-Leap-into-the-Future-1.jpg,0
"April 27, 2023",Sustainability: The Conversation We Need To Have With ChatGPT Today,https://rategaincom.wpenginepowered.com/wp-content/uploads/2023/06/Kamesh-Shukla-on-Sustainable-Travel.webp,0
"April 22, 2023",Here's Why You Should Care About Hotel Content Management & Distribution,https://rategaincom.wpenginepowered.com/wp-content/uploads/2023/04/Content-Management-2-Why-Should-You-Care-About-Hotel-Content-Management-Distribution-scaled.webp,4
"April 15, 2023",Why Ease of Use is the Core of any Booking Engine?,https://rategaincom.wpenginepowered.com/wp-content/uploads/2023/04/Why-Ease-of-Use-is-the-Core-of-any-Booking-Engine.webp,4
"April 14, 2023",Why is Security Critical for a Booking Engine?,https://rategaincom.wpenginepowered.com/wp-content/uploads/2023/05/Why-is-Security-Critical-for-a-Hotel-Booking-Engine-scaled.webp,4
"April 13, 2023",Thank You Booking.com For Showing Us The Future,https://rategaincom.wpenginepowered.com/wp-content/uploads/2023/04/boooking-com-blog-1.jpg,0
"April 13, 2023",How to Evaluate a Booking Engine?,https://rategaincom.wpenginepowered.com/wp-content/uploads/2023/05/How-do-you-Evaluate-a-Hotel-Booking-Engine-scaled.webp,3
"April 12, 2023",All You Need to Know About a Hotel Booking Engine,https://rategaincom.wpenginepowered.com/wp-content/uploads/2023/05/All-You-Need-to-Know-About-a-Hotel-Booking-Engine-scaled.webp,0
"April 6, 2023",Revolutionizing Guest Experiences and Revenue Management with AI,https://rategaincom.wpenginepowered.com/wp-content/uploads/2023/04/MicrosoftTeams-image-8.jpg,5
"April 5, 2023",What is Direct Booking?,https://rategaincom.wpenginepowered.com/wp-content/uploads/2023/04/what-is-a-direct-booking.jpg,5
"April 1, 2023",The Relevance of Content for Hotels,https://rategaincom.wpenginepowered.com/wp-content/uploads/2023/04/Content-Management-1-What-is-the-Relevance-of-Content-for-Hotels-scaled.webp,0
"March 21, 2023",Leading the Way: Top 8 Hospitality Technology Trends to Watch in 2023,https://rategaincom.wpenginepowered.com/wp-content/uploads/2023/03/MicrosoftTeams-image-2-1.jpg,3
"March 21, 2023",A Complete Guide to Hotel Connectivity & Distribution,https://rategaincom.wpenginepowered.com/wp-content/uploads/2023/03/A-Complete-Guide-to-Hotel-Connectivity-_-Distribution.webp,0
"March 16, 2023",Revolutionizing the Hospitality Industry: The Role of Advanced Channel Managers in Driving Hotel Business Growth,https://rategaincom.wpenginepowered.com/wp-content/uploads/2023/03/MicrosoftTeams-image-3-1.jpg,0
"March 6, 2023",What are Hotel Industry Statistics?,https://rategaincom.wpenginepowered.com/wp-content/uploads/2023/05/What-are-the-Key-Hotel-Industry-Statistics-scaled.webp,0
"February 15, 2023",The Data Goldmine: The 3 Step Process to Unlocking the Power of Guest Data,https://rategaincom.wpenginepowered.com/wp-content/uploads/2023/02/MicrosoftTeams-image-1.jpg,0
"January 31, 2023",How To Use Guest Messaging To Improve Revenue,https://rategaincom.wpenginepowered.com/wp-content/uploads/2023/01/How-To-Use-Guest-Messaging-To-Improve-Revenue.jpg,0
"January 30, 2023",Spin Around the Challenges of an Economic Downturn with AI-Enabled Solutions,https://rategaincom.wpenginepowered.com/wp-content/uploads/2023/01/MicrosoftTeams-image.jpg,0
"January 23, 2023",What is a Hotel Property Management System (PMS)?,https://rategaincom.wpenginepowered.com/wp-content/uploads/2019/04/hotel-revenue-management-system-900x450.jpg,0
"January 20, 2023",Unlocking A New Level Of Luxury For Dubai: The Rising Need For Technology,https://rategaincom.wpenginepowered.com/wp-content/uploads/2023/01/creating-a-picture-perfect-guest-experience-in-dubai.jpg,0
"January 6, 2023",Troubleshooting Guest Engagement: Is the Answer in the Palm of your Hands? ,https://rategaincom.wpenginepowered.com/wp-content/uploads/2023/01/MicrosoftTeams-image-6.jpg,1
"December 23, 2022",No Shortage of Guest Engagement Despite Labour Shortage in the UK: Why Technology is the Answer,https://rategaincom.wpenginepowered.com/wp-content/uploads/2022/12/uk-banner-1.jpg,1
"December 16, 2022",Journey to better guest satisfaction: Why digitisation is the shortcut you need,https://rategaincom.wpenginepowered.com/wp-content/uploads/2022/12/engage-banner-1.jpg,0
"December 12, 2022",7 Tips for A Booking-friendly Hotel Website,https://rategaincom.wpenginepowered.com/wp-content/uploads/2022/12/7-tips-for-a-booking-friendly-hotel-website-blog-banner.jpg,1
"December 6, 2022",The Problem In Paradise: What The Hotels Of Maldives Need To Know,https://rategaincom.wpenginepowered.com/wp-content/uploads/2022/12/Top-banner-2.jpg,1
"November 11, 2022",The Good Side Of AI: Read Between The Lines To Understand Your Guests’ Feelings,https://rategaincom.wpenginepowered.com/wp-content/uploads/2022/11/sentiment-mapping-1-1.jpg,1
"November 4, 2022",Preparing for the Future of Air Travel Demand,https://rategaincom.wpenginepowered.com/wp-content/uploads/2022/10/Preparing-for-the-Future-of-Air-Travel-Demand.jpg,0
"November 3, 2022",Digital Hospitality: No Longer An Oxymoron,https://rategaincom.wpenginepowered.com/wp-content/uploads/2022/11/Digital-Hosp_Banner-1-scaled.jpg,0
"October 27, 2022",Peak Experience For The Peak Season,https://rategaincom.wpenginepowered.com/wp-content/uploads/2022/10/Peak-Experience-For-Peak-Season.webp,0
"October 24, 2022",Forward-looking Insights on Travel Demand: Top Trending Cities in Asia (Oct – Dec 2022),https://rategaincom.wpenginepowered.com/wp-content/uploads/2022/10/Forward-looking-Insights-on-Travel-Demand-Top-Trending-Cities-in-Asia.webp,0
"October 19, 2022",Guest Dissatisfaction: De-mystified,https://rategaincom.wpenginepowered.com/wp-content/uploads/2022/10/Guest-Dissatisfaction.webp,0
"October 11, 2022",Beyond Just Emojis: Leveraging WhatsApp To Improve Guest Experience,https://rategaincom.wpenginepowered.com/wp-content/uploads/2022/10/beyond-just-blog-img.webp,0
"October 6, 2022",Experiences Above All:  The Long and Short of Guest Experiences,https://rategaincom.wpenginepowered.com/wp-content/uploads/2022/10/guests-experience.webp,0
"October 4, 2022",Humans Of RateGain: Q&A With Mark Haywood,https://rategaincom.wpenginepowered.com/wp-content/uploads/2022/10/Rategain-Partnership.webp,0
"October 3, 2022",India’s Festive Season Travel Outlook,https://rategaincom.wpenginepowered.com/wp-content/uploads/2022/10/ezgif.com-gif-maker-6.webp,0
"September 27, 2022",Productivity For The Front Desk: What Has Changed,https://rategaincom.wpenginepowered.com/wp-content/uploads/2022/09/Productivity-For-The-Front-Desk-What-Has-Changed.webp,0
"September 20, 2022",How Can Scoring Content Help Hotels Drive More Bookings,https://rategaincom.wpenginepowered.com/wp-content/uploads/2022/09/Drive-more-bookings.webp,0
"September 20, 2022",New Data Sources To Help Commercial Teams Make Better Decisions,https://rategaincom.wpenginepowered.com/wp-content/uploads/2022/09/New-Data-Sources-that-can-help-commercial-teams-make-better-decisions-1.webp,0
"September 20, 2022",Hotel Online Bookings Can Be More Profitable,https://rategaincom.wpenginepowered.com/wp-content/uploads/2022/09/Hotel-Online-Bookings-Can-Be-More-Profitable.webp,0
"August 25, 2022",Bridging Silos in Commercial Teams Post Pandemic,https://rategaincom.wpenginepowered.com/wp-content/uploads/2022/08/Post-pandemic.webp,4
"August 25, 2022",Data Transparency: The New Way to Collaborate in Commercial Teams,https://rategaincom.wpenginepowered.com/wp-content/uploads/2022/08/Data-Transparency.webp,4
"July 18, 2022",Are Middle East Hoteliers Ready for the Next Big Shift?,https://rategaincom.wpenginepowered.com/wp-content/uploads/2022/07/Are-Middle-East-Hoteliers-Ready-for-the-Next-Big-Shift.jpg,1
"July 13, 2022",Artificial Intelligence in the Hospitality Industry : The Future,https://rategaincom.wpenginepowered.com/wp-content/uploads/2022/06/Blog-En-2-1.jpg,2
"July 7, 2022",What is Engage-AI? What are the benefits of using Engage-AI?,https://rategaincom.wpenginepowered.com/wp-content/uploads/2022/06/Blog-En-1.jpg,2
"June 30, 2022",Enjoy Greater Conversions by Offering Mobile Rates to your Prospective Customers,https://rategaincom.wpenginepowered.com/wp-content/uploads/2022/06/Enjoy-greater-conversions-by-offering-Mobile-Rates-to-your-prospective-customers.jpg,1
"June 21, 2022",Improving Business by Offering Country Rates to Prospective Customers,https://rategaincom.wpenginepowered.com/wp-content/uploads/2022/06/Improving-Business-by-Offering-Country-Rates-to-Prospective-Customers.jpg,1
"May 31, 2022",The Role of Metasearch in Pandemic Recovery,https://rategaincom.wpenginepowered.com/wp-content/uploads/2022/05/The-Role-of-Metasearch-in-Pandemic-Recovery.jpg,0
"March 31, 2022",Why Forward-looking Demand Intelligence is all the More Important for a Destination and it's DMO Today?,https://rategaincom.wpenginepowered.com/wp-content/uploads/2022/03/Actionable-Accurate-Demand-Intelligence-for-DMOs-and-DMCs-1.jpg,0
"March 10, 2022",How to Become a Genius and Drive-up Hotel Visibility and Occupancy Rates!,https://rategaincom.wpenginepowered.com/wp-content/uploads/2022/03/RateGain-RezGain-Become-a-Genius-and-drive-sales-banner.jpg,0
"March 9, 2022",Airline Traveler Forecast: Can it help in anticipating demand better?,https://rategaincom.wpenginepowered.com/wp-content/uploads/2022/03/Leveling-up-Demand-Forecasting-through-Airline-Traveller-Forecast-3.jpg,0
"January 13, 2022",How can User Experience Help Revenue Managers? Ask AirGain,https://rategaincom.wpenginepowered.com/wp-content/uploads/2022/01/AirGain-new-blog.jpg,0
"December 24, 2021",The Travel Manifesto for 2022,https://rategaincom.wpenginepowered.com/wp-content/uploads/2021/12/RateGain-Blog-Booking-Travel-Manifesto-for-2022.jpg,6
"October 22, 2021",Marketing Technology in a Data-Driven Era,https://rategaincom.wpenginepowered.com/wp-content/uploads/2021/10/Data-Driven-1.jpg,5
"October 5, 2021",Usability and Accessibility – How they are making AirGain smarter for you!,https://rategaincom.wpenginepowered.com/wp-content/uploads/2021/10/Usability-and-Accessibility-How-they-are-making-AirGain-smarter-for-you.jpg,7
"September 29, 2021",Is The Future Of Forecasting Clear For Revenue Managers?,https://rategaincom.wpenginepowered.com/wp-content/uploads/2021/09/Is-The.jpg,7
"September 23, 2021",How Revenue Managers Can Be Future Ready For The Next Crisis,https://rategaincom.wpenginepowered.com/wp-content/uploads/2021/09/How-revenue-managers-can-be-future-ready-for-the-next-crisis.jpg,6
"September 1, 2021",CarGain Canvas: Analytics that give you 360 degree control over your market,https://rategaincom.wpenginepowered.com/wp-content/uploads/2021/09/CarGain-Canvas.jpg,0
"July 8, 2021",What Signals is the Summer of 2021 Giving Car Rentals?,https://rategaincom.wpenginepowered.com/wp-content/uploads/2021/07/What-signals-is-the-summer-of-2021-giving-car-rentals.jpg,0
"June 25, 2021",WHAT ARE YOUR PRONOUNS?,https://rategaincom.wpenginepowered.com/wp-content/uploads/2021/06/Inter-blog-1.jpg,5
"June 15, 2021",Bringing More Speed and Agility to Airline Pricing for the Post-COVID Revenue Manager,https://rategaincom.wpenginepowered.com/wp-content/uploads/2021/06/Unearthing-the-power-and-simplicity-of-bulk-update-and-report-generation-on-AirGain-2.jpeg,1
"May 3, 2021",The Current State of Airline Pricing post-Covid,https://rategaincom.wpenginepowered.com/wp-content/uploads/2021/05/How-to-Capture-Rate-Integrity-Issues-in-the-Most-Simplified-Way-copy-1024x536-1.jpg,1
"May 3, 2021",How can hoteliers get 2021 right with a solid pricing strategy as volatility in recovery persists,https://rategaincom.wpenginepowered.com/wp-content/uploads/2021/04/How-to-Capture-Rate-Integrity-Issues-in-the-Most-Simplified-Way-copy-1024x536-1.jpg,1
"April 30, 2021",Why We Must Tell a Visual Data Story,https://rategaincom.wpenginepowered.com/wp-content/uploads/2021/04/Why-we-data-story.jpg,1
"April 29, 2021",Airlines Revenue Management Checklist for 2021,https://rategaincom.wpenginepowered.com/wp-content/uploads/2021/04/The-Revenue-Management-Checklist-for-2021-3.jpg,1
"December 25, 2020","Cap on Wedding Guests Might Pinch, But It's a Necessary Evil",https://rategaincom.wpenginepowered.com/wp-content/uploads/2020/12/Cap-on-wedding-guests-might-pinch-but-its-a-necessary-evil-3.jpg,0
"December 22, 2020","We have been Profitable Since Inception: Yogeesh Chandra- Global Head of Corporate Development, RateGain",https://rategaincom.wpenginepowered.com/wp-content/uploads/2020/12/We-have-been-profitable-since-inception-3.jpg,0
"December 21, 2020",Some Employees are Getting a New Job…At Their Old Job,https://rategaincom.wpenginepowered.com/wp-content/uploads/2020/12/Some-employees-are-getting-a-new-job-1.jpg,0
"December 21, 2020",Visioning The Post-COVID Era In Revenue Management,https://rategaincom.wpenginepowered.com/wp-content/uploads/2020/12/Hospitality-Banner-no-cta.jpg,0
"December 21, 2020",50% Rise in Bookings Not Enough for India to Catch Up With Global Recovery,https://rategaincom.wpenginepowered.com/wp-content/uploads/2020/12/New-Deal-Europe-Weekly-Update-on-Tourism-to-the-Balkan-Region-Week-24-1.jpg,0
"December 20, 2020",Tech Skills That can Rebuild the Travel Industry,https://rategaincom.wpenginepowered.com/wp-content/uploads/2020/12/Tech-skills-that-can-rebuild-the-travel-industry-1.jpg,0
"December 18, 2020",After China can 'Revenge Travel' Happen in India?,https://rategaincom.wpenginepowered.com/wp-content/uploads/2020/12/After-China-can-Revenge-Travel-happen-in-India-1.jpg,0
"December 16, 2020",Travel & Hospitality Sector Will Take 12-15 Months To Cross Pre-covid Level Hiring Figures: Industry Leaders,https://rategaincom.wpenginepowered.com/wp-content/uploads/2020/12/Travel-hospitality-sector-will-take-12-15-months-to-cross-pre-Covid-level-hiring-figures-Industry-leaders-1.jpg,0
"December 16, 2020",What Hotels Need to Know About the Staycation Boom,https://rategaincom.wpenginepowered.com/wp-content/uploads/2020/12/What-Hotels-Need-to-Know-About-the-Staycation-Boom-1.jpg,0
"December 16, 2020",Here’s How Hoteliers Can Attract New Travelers in the Post-COVID Era,https://rategaincom.wpenginepowered.com/wp-content/uploads/2020/12/Linkedin-no-cta.jpg,0
"December 15, 2020",How Airline Revenue Management and Pricing Teams Respond to Revenue Volatility?,https://rategaincom.wpenginepowered.com/wp-content/uploads/2020/12/How-airline-revenue-management-and-pricing-teams-respond-to-revenue-volatility-1.jpg,0
"December 15, 2020",Revenue Volatility in Airlines is Here to Stay: What can Revenue & Pricing Teams do About it?,https://rategaincom.wpenginepowered.com/wp-content/uploads/2020/12/Revenue-volatility-in-airlines-is-here-to-stay-1.jpg,0
"December 15, 2020",These New Car Rental Subscription Programs Will Get You There,https://rategaincom.wpenginepowered.com/wp-content/uploads/2020/12/These-New-Car-Rental-Subscription-Programs-Will-Get-You-There-2.jpg,0
"December 12, 2020","Pardon me, your politics are showing",https://rategaincom.wpenginepowered.com/wp-content/uploads/2020/12/Pardon-me-your-politics-are-showing-1.jpg,0
"December 12, 2020","New Deal Europe Weekly Update on Tourism to the Balkan Region, Week 24",https://rategaincom.wpenginepowered.com/wp-content/uploads/2020/12/New-Deal-Europe-Weekly-Update-on-Tourism-to-the-Balkan-Region-Week-24-1.jpg,0
"October 21, 2020",See the Green Shoots of Recovery with Smart Distribution’s latest addition “Future Demand”,https://rategaincom.wpenginepowered.com/wp-content/uploads/2020/10/full-demand-banner-blog-1.jpg,1
"October 7, 2020",Seven Tactics to Keep your Hotel's Distribution Healthy and Highly Profitable,https://rategaincom.wpenginepowered.com/wp-content/uploads/2020/10/Seven-Tactics-to-Keep-your-Hotels-Distribution-Healthy-and-Highly-Profitable-1.jpg,3
"August 25, 2020",Bespoke Strategies for Opening the Doors to the European Market,https://rategaincom.wpenginepowered.com/wp-content/uploads/2020/08/Bespoke-Strategies-for-Opening-the-Doors-to-the-European-Market.jpg,3
"August 20, 2020",A New Era of Exploration is Coming to Hoteliers. Stay Tuned!,https://rategaincom.wpenginepowered.com/wp-content/uploads/2020/08/A-New-Era-of-Exploration-is-Coming-to-Hoteliers.-Stay-Tuned.jpg,1
"August 14, 2020",Perspectives with Saurabh Prakash: How Hotels Can Get Digital Right for Recovery,https://rategaincom.wpenginepowered.com/wp-content/uploads/2020/08/millienium-1.jpg,1
"July 22, 2020",Perspectives with Debojo: How Survival Became A Success Metric at SpiceJet,https://rategaincom.wpenginepowered.com/wp-content/uploads/2020/07/Spice-Blog-Blog.jpg,1
"July 20, 2020",Strategies for Hoteliers to Get Back to Business for UK Market,https://rategaincom.wpenginepowered.com/wp-content/uploads/2020/07/UK-Blog-Banner-1.jpg,1
"July 20, 2020",Strategies for Hoteliers to Get Back to Business for Europe Market,https://rategaincom.wpenginepowered.com/wp-content/uploads/2020/07/Blog-Banner-EU-1.jpg,4
"July 14, 2020","Perspectives #8 with Ajay Bakaya, Managing Director, Sarovar Hotels and Resorts",https://rategaincom.wpenginepowered.com/wp-content/uploads/2020/07/Perspectives-8-with-Ajay-Bakaya-Managing-Director-Sarovar-Hotels-and-Resorts.jpg,0
"June 30, 2020",Re-Taking The Skies : What Can Commercial Teams Do To Gear Up For A Full Return Of Airline Travel In The New Normal,https://rategaincom.wpenginepowered.com/wp-content/uploads/2020/06/Global-Aviation-Banner.jpg,0
"June 15, 2020",React to Competitive Prices in Real Time with RateGain’s OPTIMA MarketDrone,https://rategaincom.wpenginepowered.com/wp-content/uploads/2020/06/React-to-Competitive-Prices-in-Real-Time-with-RG.jpg,0
"June 2, 2020",Watch Your Language! Content in the New Hospitality Landscape,https://rategaincom.wpenginepowered.com/wp-content/uploads/2020/06/Hospitality-net-banner.jpg,0
"May 5, 2020",Keeping Lights on During the Current COVID Crisis!,https://rategaincom.wpenginepowered.com/wp-content/uploads/2020/05/Keeping-Lights-On-During-CoronaVirus-Crisis.jpg,1
"April 23, 2020","Hoteliers, Spot New Markets to Create New Revenues in a Post-COVID 19 World",https://rategaincom.wpenginepowered.com/wp-content/uploads/2020/04/distribution-blog-1200x628-2-1.jpg,7
"April 21, 2020",Social Media During COVID-19: Tourism Brands That Got It Right,https://rategaincom.wpenginepowered.com/wp-content/uploads/2020/04/Social-Media-During-COVID-19-Tourism-Brands-That-Got-It-Right.jpg,2
"March 20, 2020",We Are Bracing Ourselves: Are You?,https://rategaincom.wpenginepowered.com/wp-content/uploads/2020/03/Covid-Blog.jpg,6
"March 11, 2020",How to Capture Rate Integrity Issues in the Most Simplified Way,https://rategaincom.wpenginepowered.com/wp-content/uploads/2020/02/How-to-Capture-Rate-Integrity-Issues-in-the-Most-Simplified-Way-copy-1024x536-1.jpg,4
"March 4, 2020",Top 3 Rate Disparity Cases Acceptable to a Revenue Manager,https://rategaincom.wpenginepowered.com/wp-content/uploads/2020/02/accpteable.jpg,7
"February 27, 2020",Rate Integrity: A Brand New Way of Increasing Direct Bookings,https://rategaincom.wpenginepowered.com/wp-content/uploads/2020/02/Rate-Integrity-A-Brand-New-Way-of-Increasing-Direct-Bookings-.jpg,3
"February 19, 2020",Why Choose Rate Intelligence Over Rate Shopping?,https://rategaincom.wpenginepowered.com/wp-content/uploads/2020/02/Why-Choose-Rate-Intelligence-Over-Rate-Shopping-1.jpg,5
"February 5, 2020",Why a Rate Intelligence Experience Should Have the Best Art & Science Behind it,https://rategaincom.wpenginepowered.com/wp-content/uploads/2020/02/Why-a-Rate-Intelligence-Experience-Should-Have-the-Best-Art-Science-Behind-it-v2-copy-1.jpg,6
"January 31, 2020",Our Point of View on the Modern Age Distribution Ecosystem,https://rategaincom.wpenginepowered.com/wp-content/uploads/2020/01/Distribution-blog-banner.jpg,1
"January 29, 2020",Are You Leading A Future-Ready HR?,https://rategaincom.wpenginepowered.com/wp-content/uploads/2020/01/HR-blog.jpg,3
"January 20, 2020",5 Ways to Ace Hospitality Marketing in 2020,https://rategaincom.wpenginepowered.com/wp-content/uploads/2020/01/5-Ways-to-Ace-Hospitality-Marketing-in-2020.jpg,1
"January 14, 2020",Why UX is Instrumental for Revenue Management,https://rategaincom.wpenginepowered.com/wp-content/uploads/2020/01/RateGain-Leveraging-UI-to-Create-Value_Blog.jpg,12
"December 17, 2019",Visualizing Data Like a Pro: The Key to Unlock the Data Gold Mine,https://rategaincom.wpenginepowered.com/wp-content/uploads/2019/12/Visualizing-Data-Like-a-Pro-The-Key-to-Unlock-the-Data-Gold-Mine.jpg,9
"December 4, 2019",Smart Shopping for Data: Driving Analytics Excellence in the Airlines Industry,https://rategaincom.wpenginepowered.com/wp-content/uploads/2019/12/Smart-Shopping-for-Data-Blog.jpg,2
"November 29, 2019","Mr. Hotelier, Four Signs It is Time to Change your Distribution Partner",https://rategaincom.wpenginepowered.com/wp-content/uploads/2019/11/Four-Signs-It-is-Time-to-Change-your-Distribution-Partner-5.jpg,1
"November 22, 2019",Adopting SCRUM in the Organization’s People Processes,https://rategaincom.wpenginepowered.com/wp-content/uploads/2019/11/Navigating-Constant-Consolidation-banner.jpg,0
"November 19, 2019",How to Deliver Value In The Era Of Hospitality Industry Consolidation?,https://rategaincom.wpenginepowered.com/wp-content/uploads/2019/11/Navigating-Constant-Consolidation-banner.jpg,0
"November 11, 2019",What will define Long Term Success for Airlines,https://rategaincom.wpenginepowered.com/wp-content/uploads/2019/11/airline.jpg,5
"October 23, 2019",Challenges for Airline Revenue Managers Beyond 2020,https://rategaincom.wpenginepowered.com/wp-content/uploads/2019/10/Airline-Revenue-Manager-PR-2.jpg,5
"October 21, 2019",Navigating Constant Consolidation,https://rategaincom.wpenginepowered.com/wp-content/uploads/2019/10/Airline-Revenue-Manager-Blog.jpg,5
"October 17, 2019",Our point of view on Distribution Journey,https://rategaincom.wpenginepowered.com/wp-content/uploads/2019/10/Distribution-blog-banner.jpg,5
"October 15, 2019",Putting User Experience at the center of a new problem,https://rategaincom.wpenginepowered.com/wp-content/uploads/2019/10/ui-banner-1.jpg,7
"October 15, 2019",The Last Distribution Challenge,https://rategaincom.wpenginepowered.com/wp-content/uploads/2019/10/Re-Configuring-The-Distribution-Models-For-The-Next-Gen-Distribution-Ecosystem.jpg,0
"October 4, 2019",Can Car Rental analytics help make better investment decisions?,https://rategaincom.wpenginepowered.com/wp-content/uploads/2019/09/Can-Car-Rental-analytics-help-make-better-investment-decisions-2.jpg,5
"September 21, 2019",Top 3 considerations for blueprinting your content transformation,https://rategaincom.wpenginepowered.com/wp-content/uploads/2019/09/blog-post.jpg,5
"September 11, 2019",The Path to A Shared Future: Can car rentals help in turning around the industry slowdown ?,https://rategaincom.wpenginepowered.com/wp-content/uploads/2019/09/cargain.jpg,5
"August 21, 2019",Delivering Duty of Care in the Age of Corporate Rogue Travel,https://rategaincom.wpenginepowered.com/wp-content/uploads/2019/08/Delivering-Duty-of-Care-in-the-Age-of-Corporate-Rogue-Travel.jpg,4
"July 22, 2019",Who is winning the experience game in travel and hospitality?,https://rategaincom.wpenginepowered.com/wp-content/uploads/2019/07/Who-is-winning-the-experience-game-in-travel-and-hospitality-1.jpg,1
"July 18, 2019",Airlines: Soaring on Ancillary Revenue,https://rategaincom.wpenginepowered.com/wp-content/uploads/2019/07/Airlines-Soaring-on-Ancillary-Revenue.jpg,1
"June 24, 2019",Transaction Tracking and Analytics: Steering Car Rental,https://rategaincom.wpenginepowered.com/wp-content/uploads/2019/06/car.jpg,0
"June 24, 2019",Enhancing Car Rental Revenue Management with AI-driven Dynamic Pricing,https://rategaincom.wpenginepowered.com/wp-content/uploads/2019/06/car1.jpg,0
"February 8, 2019",Busting a billion-dollar digital myth for cruise lines!,https://rategaincom.wpenginepowered.com/wp-content/uploads/2019/04/Cruise-Image-1218x609.jpg,1
"September 24, 2018",The future of distribution strategy at your doorstep,https://rategaincom.wpenginepowered.com/wp-content/uploads/2019/04/Dss-Blog-1200x600.jpg,0
"August 27, 2018","‘A Thousand Words’: Why Great Visuals Speak Directly, Fluently and Effortlessly",https://rategaincom.wpenginepowered.com/wp-content/uploads/2019/04/2-brandgain-1200x600.jpg,0
"August 24, 2018",New Age Data is Driving Growth for Travel Package Providers,https://rategaincom.wpenginepowered.com/wp-content/uploads/2019/04/1-packages-1200x600.jpg,0
"July 13, 2018",7 Top Trends In Hotel Distribution Today,https://rategaincom.wpenginepowered.com/wp-content/uploads/2019/04/Distribution-900x450.jpg,0
"May 4, 2018",HRS Selects RateGain as its Channel Management Partner for their newest connectivity platform,https://rategaincom.wpenginepowered.com/wp-content/uploads/2019/04/Retagain_HRS-1-764x382.jpg,0
"April 11, 2018",Code Itineraries: A road map for the travel industry to unlock one trillion dollars in value by 2025,https://rategaincom.wpenginepowered.com/wp-content/uploads/2019/04/code_itinerary1-534x267.jpg,0
"April 9, 2018",5 Ways to Improve Your Hotel's Visibility within Search Engines,https://rategaincom.wpenginepowered.com/wp-content/uploads/2019/04/SEO_HOTEL-1-650x325.png,0
"January 11, 2018",It's 100% pure adrenaline! Introducing Distribution Strategy Studio,https://rategaincom.wpenginepowered.com/wp-content/uploads/2019/04/madrid-TT-hres-2011_8-xlarge-1280x640.jpg,0
"December 11, 2017",Your Hotel Reputation Matters to Your Revenue,https://rategaincom.wpenginepowered.com/wp-content/uploads/2019/04/bigstock-Reputation-Management-147765833-2800x1400-scaled.jpg,0
"November 23, 2017","Hoteliers, Take a Re-look at Parity and Prevent Revenue Leakages",https://rategaincom.wpenginepowered.com/wp-content/uploads/2019/04/revenu_leakage_banner_mail1-754x377.jpg,0
"November 13, 2017",Building the Perfect Revenue Strategy Is Not Enough; Advanced Hotel Revenue Management Tool is a Must!,https://rategaincom.wpenginepowered.com/wp-content/uploads/2019/04/bigstock-Increase-Sales-Revenue-66983953-765x382-764x382.jpg,0
"November 3, 2017",Travel Industry is Already Using Geo-based Competitive Price Tracking; Act Now Before Its Too Late,https://rategaincom.wpenginepowered.com/wp-content/uploads/2019/04/Geo-pricing-764x382.png,0
"October 25, 2017",We Bet You Will Not Want to Miss The Benefits of a Comprehensive Hotel Price Intelligence Solution!,https://rategaincom.wpenginepowered.com/wp-content/uploads/2019/04/pricing-764x382.jpg,0
"October 11, 2017",Tracking Mobile App Rates of Your Competition is a MUST for Your Price Strategy!,https://rategaincom.wpenginepowered.com/wp-content/uploads/2019/04/bigstock-202739491-2800x1400-scaled.jpg,0
"September 29, 2017",Will Artificial Intelligence Replace Human Intelligence in Revenue Management and Pricing Analysis?,https://rategaincom.wpenginepowered.com/wp-content/uploads/2019/04/Artificial_Intelligence-764x382.jpg,0
"September 21, 2017",7 Fundamental Hotel Marketing Strategies To Stand Out From Your Competition,https://rategaincom.wpenginepowered.com/wp-content/uploads/2017/09/bigstock-Digital-Marketing-New-Startup-190890487-2800x1400-1.jpg,1
"September 18, 2017",Design an Effective Hotel Guest Loyalty Program to Increase Hotel Bookings and Revenue,https://rategaincom.wpenginepowered.com/wp-content/uploads/2019/04/bigstock-Loyalty-Program-145042721-2800x1400-scaled.jpg,0
"September 14, 2017",Yield Management in Hospitality - Important for Efficient Revenue Management Strategy,https://rategaincom.wpenginepowered.com/wp-content/uploads/2019/04/bigstock-192270436-2800x1400-scaled.jpg,0
"September 7, 2017",What Makes Your Guests The Promoters of Your Brand?,https://rategaincom.wpenginepowered.com/wp-content/uploads/2019/04/bigstock-193620838-3000x1500-scaled.jpg,0
"August 28, 2017",The Role and Future of Technology in Travel Industry,https://rategaincom.wpenginepowered.com/wp-content/uploads/2019/04/Social-media-travel-industry-300x207-1-1100x759-1-570x285.jpg,0
"August 21, 2017",New Consumer Review Dashboard For Hotels,https://rategaincom.wpenginepowered.com/wp-content/uploads/2019/04/BG_blog_banner2-764x382-764x382.jpg,0
"August 21, 2017",Measuring Demand in Your City will Skyrocket your Revenue - Here is How!,https://rategaincom.wpenginepowered.com/wp-content/uploads/2019/04/hotelier-demand-forecasting-762x381-1.jpg,0
"August 16, 2017",7 Best Methods to Gather Quality Guest Feedback,https://rategaincom.wpenginepowered.com/wp-content/uploads/2019/04/bigstock-Business-Man-Select-Happy-156570752-2800x1400-scaled.jpg,0
"August 14, 2017","The Brilliant Hotelier: Face To Face With Panayiotis Kyprianou From Thanos Resorts & Spas, Cyprus",https://rategaincom.wpenginepowered.com/wp-content/uploads/2019/04/G8H6842-1-4896x2448-scaled.jpg,0
"August 8, 2017","Hotels, Utilize Closed User Group (CUG) Customers to Increase Revenue Through Direct Bookings",https://rategaincom.wpenginepowered.com/wp-content/uploads/2017/08/bigstock-Support-Help-Unity-Togethernes-118375838-2800x1400-1.jpg,0
"August 2, 2017",Create a Revenue Centric Culture in your Hotel by Integrating Technology,https://rategaincom.wpenginepowered.com/wp-content/uploads/2019/04/bigstock-Teamwork-And-Integration-Conce-66966004-2800x1400-scaled.jpg,0
"July 31, 2017","Hoteliers, Are You Using Mobile to Support Your Online Reputation Management?",https://rategaincom.wpenginepowered.com/wp-content/uploads/2019/04/bigstock-Reputation-Popular-Ranking-Hon-184164262-3596x1798-scaled.jpg,0
"July 25, 2017",7 Practical tips to improve online reviews of your hotel,https://rategaincom.wpenginepowered.com/wp-content/uploads/2019/04/bigstock-Online-Reviews-Evaluation-Time-185136694-2800x1400-scaled.jpg,0
"July 24, 2017",14 Features to Consider Before Your Hotel Decides to Devote In a Channel Manager,https://rategaincom.wpenginepowered.com/wp-content/uploads/2016/03/Channel-Management-Features-to-Choose-the-Right-Hotel-Channel-Manager.webp,0
"July 19, 2017",Managing Hotel Guest Sentiment and Online Presence to Create Revenue Centric Culture,https://rategaincom.wpenginepowered.com/wp-content/uploads/2019/04/bigstock-Business-Man-Select-Happy-156570752-2800x1400-scaled.jpg,0
"July 18, 2017","Hoteliers, You Need a Channel Manager with an Edge to Stand out from Competition",https://rategaincom.wpenginepowered.com/wp-content/uploads/2019/04/Distribution-900x450.jpg,0
"July 10, 2017","Hoteliers, Learn How to Create A Revenue Centric Culture in Your Hotel",https://rategaincom.wpenginepowered.com/wp-content/uploads/2019/04/bigstock-Increase-Sales-Revenue-66983953-765x382-764x382-1.jpg,0
"July 4, 2017","Hoteliers, Learn About The Growing Importance of Hotel Online Reputation Management",https://rategaincom.wpenginepowered.com/wp-content/uploads/2019/04/bigstock-Reputation-Management-145495634-2800x1400-scaled.jpg,0
"June 28, 2017",How to Make Restaurant’s Online Reputation a Secret Sauce in Enhancing your Hotel Brand?,https://rategaincom.wpenginepowered.com/wp-content/uploads/2019/04/restaurant_online_repuptation2-870x435.jpg,0
"June 19, 2017",Engaging Travelers Through Social Media Can Reap Umpteen Benefits for Hotels,https://rategaincom.wpenginepowered.com/wp-content/uploads/2019/04/hotel-social-media-960x480.jpg,0
"June 14, 2017",Approach For A Balanced Hotel Distribution Strategy - Learn Why Hotels Should Adopt It,https://rategaincom.wpenginepowered.com/wp-content/uploads/2019/04/channelmanager-1094x547.png,0
"June 6, 2017",9 Tips to Build a Hotel’s Facebook Strategy & Improve Guest Experience,https://rategaincom.wpenginepowered.com/wp-content/uploads/2019/04/facebook_bannerImg-764x382.jpg,0
"May 30, 2017",Top Trends: Millennial Travelers & the Hospitality Sector,https://rategaincom.wpenginepowered.com/wp-content/uploads/2019/04/4FA1CA06CC244CDA241A54F378ACCCBFD4056C5D0D5865A59Fpimgpsh_fullsize_distr-764x382.jpg,0
"May 26, 2017",Evolving Role Of Hotel Revenue Manager - Part 4,https://rategaincom.wpenginepowered.com/wp-content/uploads/2019/04/blog_img-764x382.jpg,0
"May 24, 2017",The Evolving Role of Revenue Managers - Part 3,https://rategaincom.wpenginepowered.com/wp-content/uploads/2019/04/bigstock-Competitive-Edge-119382113-2800x1400-scaled.jpg,0
"May 17, 2017",The Evolving Role Of Hotel Revenue Managers – Part 2,https://rategaincom.wpenginepowered.com/wp-content/uploads/2019/04/bigstock-165382157-2800x1400-scaled.jpg,0
"May 15, 2017",How Your Hotel distribution & Online Reputation Strategy is key to RevPAR Management,https://rategaincom.wpenginepowered.com/wp-content/uploads/2019/04/bigstock-184358374-3000x1500-scaled.jpg,0
"May 10, 2017",The Evolving Role of Hotel Revenue Managers - Part 1,https://rategaincom.wpenginepowered.com/wp-content/uploads/2019/04/bigstock-Finance-Report-Concept-Flat-S-124822064-3000x1500-scaled.jpg,0
"May 2, 2017",5 Effective Ways Hotels Could Conduct Guest Surveys and Loyalty Programs,https://rategaincom.wpenginepowered.com/wp-content/uploads/2019/04/bigstock-Business-Man-Select-Happy-156570752-2800x1400-scaled.jpg,0
"April 26, 2017","Hoteliers, Are Vacation Rentals Eating Your Lunch?",https://rategaincom.wpenginepowered.com/wp-content/uploads/2017/04/vacation-rental_airbnb-1428x714-1024x512-1.jpg,0
"April 18, 2017",The Future of Hotel Revenue Management – BOTs or Humans?,https://rategaincom.wpenginepowered.com/wp-content/uploads/2019/04/artificial-intelligence-risk-reward-now-labs-2088x1044.jpg,0
"April 14, 2017","Hoteliers, Learn How to Overcome the Challenges in Online Reputation Management",https://rategaincom.wpenginepowered.com/wp-content/uploads/2019/04/bigstock-Business-Or-Marketing-Concept-181728700-1-617x308.jpg,0
"April 13, 2017",Managing Seasonal Market Changes to Ensure your Hotel Stays on Top - Part 4,https://rategaincom.wpenginepowered.com/wp-content/uploads/2019/04/Seasonality-356x178.png,0
"April 11, 2017",Managing Seasonal Market Changes to Ensure your Hotel Stays on Top - Part 3,https://rategaincom.wpenginepowered.com/wp-content/uploads/2019/04/bigstock-Competitive-Advantage-Concept-118415714-2750x1375-scaled.jpg,0
"April 7, 2017",Managing Seasonal Market Changes to Ensure your Hotel Stays on Top - Part 2,https://rategaincom.wpenginepowered.com/wp-content/uploads/2019/04/bigstock-Businessman-Hand-Drawing-Sales-118618487-3800x1900-scaled.jpg,0
"April 3, 2017",Managing Seasonal Market Changes to Ensure your Hotel Stays on Top - Part 1,https://rategaincom.wpenginepowered.com/wp-content/uploads/2019/04/bigstock-153294449-3000x1500-scaled.jpg,0
"March 27, 2017","Hoteliers, Beat the Competition and Be The Market Leaders By Adopting Automation",https://rategaincom.wpenginepowered.com/wp-content/uploads/2019/04/automation-764x382-764x382.jpg,0
"March 17, 2017",How Can Hotels Use Google to Maximise their Online Presence?,https://rategaincom.wpenginepowered.com/wp-content/uploads/2019/04/google_banner_img-764x382.jpg,0
"March 14, 2017",Revenue Management & Marketing Automation can Help Independent Hotels Stay Ahead,https://rategaincom.wpenginepowered.com/wp-content/uploads/2019/04/bigstock-Action-Plan-Action-Plan-Str-159437243-2800x1400-scaled.jpg,0
"March 2, 2017","Hoteliers, Design Your Revenue Management Strategy in Pre-Opening Stage",https://rategaincom.wpenginepowered.com/wp-content/uploads/2019/04/bigstock-133294829-2800x1400-scaled.jpg,0
"February 20, 2017","Hoteliers, Keep a Track of Events and Holidays To Increase your Revenue Many Folds",https://rategaincom.wpenginepowered.com/wp-content/uploads/2019/04/bigstock-Calendar-Note-Schedule-Memo-Ma-148425554-2800x1400-scaled.jpg,0
"February 13, 2017",3 Effective Hotel Pricing Strategy Can Boost Your Hotel Revenue,https://rategaincom.wpenginepowered.com/wp-content/uploads/2019/04/bigstock-Pricing-Strategy-141013019-2800x1400-scaled.jpg,2
"February 2, 2017",How to Manage Hotel's Online Reviews & Guest Experience,https://rategaincom.wpenginepowered.com/wp-content/uploads/2019/04/hotel-reviews-760x380.jpg,0
"January 25, 2017",Why Should Hotels Pay Special Attention to Demand Forecasting?,https://rategaincom.wpenginepowered.com/wp-content/uploads/2019/04/hotelier-demand-forecasting-762x381.jpg,0
"January 3, 2017",RateGain’s Top 12 Blogs of 2016,https://rategaincom.wpenginepowered.com/wp-content/uploads/2019/04/Final-White-3-800x400.png,0
"December 27, 2016",Managing Real-Time Room Inventories Across Multiple OTAs,https://rategaincom.wpenginepowered.com/wp-content/uploads/2019/04/otas-versus-branddotcom-1740x870.png,0
"December 19, 2016","The Brilliant Hotelier: Face 2 Face with Ria Roberto, the Director of Revenue Management at Kenz Hotel Management, UAE",https://rategaincom.wpenginepowered.com/wp-content/uploads/2019/04/al-manzel-3-1024x763-1024x512.jpg,0
"November 28, 2016",Be the Revenue Management Hero of your Hotel,https://rategaincom.wpenginepowered.com/wp-content/uploads/2019/04/rev_hero_img-472x236.jpg,0
"November 21, 2016",Tips to Build Customer Loyalty for Your Restaurant,https://rategaincom.wpenginepowered.com/wp-content/uploads/2019/04/restaurant-948x474.jpg,0
"November 18, 2016","Systems Reliability, A Necessity for Hotel Operations: Part 2",https://rategaincom.wpenginepowered.com/wp-content/uploads/2019/04/bigstock-Summer-Vacation-And-Online-Boo-98043824-1-300x141-282x141.jpg,0
"November 16, 2016",Is Your Hotel United by Goals but Divided by Systems?,https://rategaincom.wpenginepowered.com/wp-content/uploads/2019/04/sdf-740x370.jpg,0
"November 15, 2016","The Brilliant Hotelier: Face 2 Face with I Nyoman Astama, General Manager of the Bali Niksoma Boutique Beach Resort",https://rategaincom.wpenginepowered.com/wp-content/uploads/2019/04/bali-niksoma2-1024x544-1024x512.jpg,0
"November 11, 2016","Systems Reliability, A Necessity for Hotel Operations: Part 1",https://rategaincom.wpenginepowered.com/wp-content/uploads/2019/04/Novotel_Muenchen_M_3050027c-460x230.jpg,0
"November 8, 2016",Is your Hotel Website Ready for Google's Latest Mobile Updates,https://rategaincom.wpenginepowered.com/wp-content/uploads/2019/04/Google-update-mobile-friendly-850x425.png,0
"November 3, 2016",Optimize Your Hotel’s SEO and Mobile Strategy,https://rategaincom.wpenginepowered.com/wp-content/uploads/2019/04/bigstock-130275857-900x450.jpg,0
"November 2, 2016","The Brilliant Hotelier: Face 2 Face with Stavros Drakou, Director at Cyprotels Hotels and Resorts, Cyprus",https://rategaincom.wpenginepowered.com/wp-content/uploads/2019/04/cypro-900x450.png,0
"October 26, 2016",What’s spookier than Halloween for Hoteliers?,https://rategaincom.wpenginepowered.com/wp-content/uploads/2019/04/pumpkins-3-849x424.jpg,0
"October 6, 2016","The Brilliant Hotelier: Face 2 Face with Trisna Widia, Marketing & E-Commerce Manager, Prime Plaza Hotels and Resorts, Indonesia",https://rategaincom.wpenginepowered.com/wp-content/uploads/2019/04/PPHotels-768x1024-768x384.jpg,0
"September 26, 2016",How to Increase Hotel Direct Bookings? Don’t Ignore the Role of a Booking Engine,https://rategaincom.wpenginepowered.com/wp-content/uploads/2019/04/drive-direct-bookings-1024x512-1024x512.jpg,0
"September 21, 2016",Weary of Disruption? 5 Simple Steps to Disrupt the Disruptions in the Rapidly Changing Hospitality Industry,https://rategaincom.wpenginepowered.com/wp-content/uploads/2019/04/Disruption3-420x210.jpg,0
"September 16, 2016",Disruption in the Hotel Industry and Changing Face of the Global Travel Market,https://rategaincom.wpenginepowered.com/wp-content/uploads/2019/04/fdg-440x220.jpg,0
"September 15, 2016","The Brilliant Hotelier: Tête-à-Tête with Richard Lewis, the CEO of Landmark Hotels, Dubai",https://rategaincom.wpenginepowered.com/wp-content/uploads/2019/04/df-1430x715.jpg,0
"September 6, 2016","Hotels, Are You Prepared for Digital Detox Travelers?",https://rategaincom.wpenginepowered.com/wp-content/uploads/2019/04/No-wifi-image-568x284.jpg,0
"September 2, 2016","The Brilliant Hotelier: Face 2 Face with the Revenue Director at J5 Rimal Hotel Apartments, Dubai",https://rategaincom.wpenginepowered.com/wp-content/uploads/2019/04/J5-Rimal-900x450.jpg,0
"September 1, 2016",How Hotels of Tomorrow are Improving Guest Experience with Technology?,https://rategaincom.wpenginepowered.com/wp-content/uploads/2019/04/fg-584x292.jpg,0
"August 25, 2016",How can Hotels Generate More Revenue from Customer Loyalty - Part II,https://rategaincom.wpenginepowered.com/wp-content/uploads/2019/04/make-hotel-revenue-customer-loyalty-1430x715.jpg,0
"August 19, 2016",How can Hotels Generate More Revenue from Customer Loyalty - Part I,https://rategaincom.wpenginepowered.com/wp-content/uploads/2019/04/expert-1718x859.jpg,0
"July 28, 2016",5 Things About Hotel Revenue Management Your Boss Wants to Know – Part II,https://rategaincom.wpenginepowered.com/wp-content/uploads/2019/04/blog-900x450.jpg,0
"July 22, 2016",5 Things About Hotel Revenue Management Your Boss Wants to Know - Part I,https://rategaincom.wpenginepowered.com/wp-content/uploads/2019/04/bigstock-Increase-Sales-Revenue-66983953-765x382-764x382-1.jpg,0
"July 12, 2016","Hotels, Improve your Online Distribution Strategy with Six Simple Tips",https://rategaincom.wpenginepowered.com/wp-content/uploads/2019/04/channelmanager-1094x547.png,0
"July 11, 2016",How to Ensure the Demand Generated is Translated into Increased Revenues?,https://rategaincom.wpenginepowered.com/wp-content/uploads/2019/04/hotel-revenue-management-system-900x450.jpg,0
"June 27, 2016","Brexit: The Impact on Travel and Tourism Industry, Now and Later",https://rategaincom.wpenginepowered.com/wp-content/uploads/2019/04/Brexit-900x450.jpg,0
"June 21, 2016",Create a new chapter in the relationship between Your Hotel & Guests with Chat Tools,https://rategaincom.wpenginepowered.com/wp-content/uploads/2019/04/guest-satisfaction-900x450.jpg,0
"June 17, 2016",Effective Ways to Measure & Generate Demand – Part IV,https://rategaincom.wpenginepowered.com/wp-content/uploads/2019/04/Online-Guest-Reviews-hotels-900x450.jpg,0
"June 15, 2016",Effective Ways to Measure & Generate Demand - Part II,https://rategaincom.wpenginepowered.com/wp-content/uploads/2019/04/hotel-demand-900x450.jpg,0
"June 15, 2016",Effective Ways to Measure & Generate Demand – Part III,https://rategaincom.wpenginepowered.com/wp-content/uploads/2019/04/Way-connection-or-Common-Pool-Inventory-963x481.png,0
"May 17, 2016",Effective Ways to Measure and Generate Demand - Part I,https://rategaincom.wpenginepowered.com/wp-content/uploads/2019/04/rate-intelligence-900x450.jpg,0
"May 3, 2016",8 Top Tips to Choose the Right Hotel Channel Manager,https://rategaincom.wpenginepowered.com/wp-content/uploads/2016/03/Channel-Management-Top-Tips-to-Choose-the-Right-Hotel-Channel-Manager.webp,0
"April 27, 2016",Comparing and Contrasting Industry Problems with Revenue Optimisation,https://rategaincom.wpenginepowered.com/wp-content/uploads/2019/04/Rev1-699x349.jpg,0
"April 14, 2016","Unity for Revenue Management: An Interview With the Revenue Analyst at The Manila Hotel, Philippines",https://rategaincom.wpenginepowered.com/wp-content/uploads/2019/04/Louie-Reyes.jpg,0
"April 6, 2016",How to Choose the Right Rate Optimisation Tool for Your Hotel?,https://rategaincom.wpenginepowered.com/wp-content/uploads/2019/04/rate-900x450.jpg,0
"March 21, 2016",Airbnb: An Alternate Lodging Threat to Hotels?,https://rategaincom.wpenginepowered.com/wp-content/uploads/2019/04/london-e2-678x339.jpg,0
"February 19, 2016",Did You Know? It’s critical to Push Rates along with Occupancy,https://rategaincom.wpenginepowered.com/wp-content/uploads/2019/04/shutterstock_828033041-300x150.jpg,0
"February 12, 2016",Hotel Demand Forecasting: Top 3 Ways Hoteliers Can Leverage this Strategic Management Tool,https://rategaincom.wpenginepowered.com/wp-content/uploads/2019/04/room-forecasting-1216x608.jpg,0
"February 12, 2016",7 Quick Tips For Your Hotel Pre-Opening In 2017,https://rategaincom.wpenginepowered.com/wp-content/uploads/2019/04/dfs-1024x683-1024x512.jpg,0
"February 8, 2016",Zika virus outbreak:  Is tourism industry in Central and South America on risk?,https://rategaincom.wpenginepowered.com/wp-content/uploads/2019/04/Zika-586x293.png,0
"January 3, 2016",9 Undeniable Advantages of Hotel Room Forecasting,https://rategaincom.wpenginepowered.com/wp-content/uploads/2019/04/business-ohot-762x381.jpg,0
"December 15, 2015",Golden Rules to Make the Most of Your Hotel’s Facebook Page,https://rategaincom.wpenginepowered.com/wp-content/uploads/2019/04/hotel-social-media-960x480.jpg,0
"October 23, 2015",A Revenue Management mistake that you need to avoid today,https://rategaincom.wpenginepowered.com/wp-content/uploads/2019/04/comp-sets-838x419.jpg,0
"October 19, 2015",The UK RevPAR Growth Story: Promises and Challenges,https://rategaincom.wpenginepowered.com/wp-content/uploads/2019/04/london-e2-678x339-1.jpg,0
"July 16, 2015",How to improve your hotel's online reputation using a 100 year old mathematics principle,https://rategaincom.wpenginepowered.com/wp-content/uploads/2019/04/pareto-e-700x350.jpg,2
"June 4, 2015",RevPar Growth in Europe: The top three cities,https://rategaincom.wpenginepowered.com/wp-content/uploads/2019/04/europe-revpar-growth_rategain-700x350.png,0
